Product Name, Keycap Type, Price
KAM Superuser,,$65
CYL Nuclear Data R2,GMK ABS Double-Shot Keycaps,$125
Key Kobo VoC,ABS Double-Shot Keycaps,$99
Key Kobo Glacier,ABS Double-Shot Keycaps,$110
CYL Panels,GMK ABS Double-Shot Keycaps,$140
MTNU Susu - Extras Preorder,GMK PBT Double-Shot Keycaps,$115
MTNU Beige - Extras Preorder,GMK PBT Double-Shot Keycaps,$115
MTNU WoB - Extras Preorder,GMK PBT Double-Shot Keycaps,$115
CYL Yuri R2,GMK ABS Double-Shot Keycaps,$85
CYL Analog Dreams R2,GMK ABS Double-Shot Keycaps,$135
CYL Classic Retro Zhuyin,GMK ABS Double-Shot Keycaps,$140
KAM Li'l Dragon,,$81
GMK Blanc Sur Noir - Extras preorder,ABS Double-Shot Keycaps,$130
SHURIKEY Matrix-01 Extras,ABS Double-Shot Keycaps,$130
JTK Classic FC R2 Extras,ABS Triple-Shot Keycaps,$85
CYL Zooted,GMK ABS Double-Shot Keycaps,$150
Cherry Copper,PBT Dyesub Keycaps,$95
GMK Cubed - Extras preorder,ABS Double-Shot Keycaps,$120
HSA Keycaps,ABS Double-Shot Keycaps,$99
B-Stock Aluvia Keycaps,Anodized Aluminum Keycaps,$200
GMK Olivia No3 - Extras preorder,ABS Double-Shot Keycaps,$130
CYL Metropolis R2,GMK ABS Double-Shot Keycaps,$135
Aluve Keycaps,Anodized Aluminum Keycaps,$375
TFUE Keycaps,Cherry PBT Dyesub Keycaps,$120
CYL Handarbeit R2,GMK ABS Double-Shot Keycaps,$145
Cherry Olivia,PBT Dyesub Keycaps,$95
Cherry Industrial Keys,PBT Dyesub Keycaps,$85
R2-D2,Cherry PBT Dyesub Keycaps,$99
C-3PO,Cherry PBT Dyesub Keycaps,$99
BB-8,Cherry PBT Dyesub Keycaps,$99
K-2SO,Cherry PBT Dyesub Keycaps,$99
Cherry Sage,PBT Dyesub Keycaps,$85
CYL Parcel,GMK ABS Double-Shot Keycaps,$135
CYL Awaken,GMK ABS Double-Shot Keycaps,$135
GMK Hineybeige - Extras preorder,ABS Double-Shot Keycaps,$120
Key Kobo White on Black,ABS Double-Shot Keycaps,$99
Key Kobo Black on White,ABS Double-Shot Keycaps,$99
JTK Griseann / Royal Alpha,ABS Triple-Shot Keycaps,$80
Ghostbustin',Cherry PBT Dyesub Keycaps,$99
Cherry Spellbook,PBT Dyesub Keycaps,$95
GMK Fright Club - Extras preorder,ABS Double-Shot Keycaps,$125
CYL Striker 2,GMK ABS Double-Shot Keycaps,$135
CYL Colorchrome,GMK ABS Double-Shot Keycaps,$135
CYL  Serika 2,GMK ABS Double-Shot Keycaps,$135
CYL Mr. Sleeves R2,GMK ABS Double-Shot Keycaps,$75
